function,einsum_str,shape1,shape2,time,shapeA,shapeB
einsum_bmm_naive,zabc-zbda-zdc,6-312-312-312,6-312-24,0.384497320652008,"(6, 97344, 312)","(6, 312, 24)"
einsum_bmm_naive,zabc-zdca-zbd,6-312-296-312,6-24-312,0.4347058415412902,"(6, 92352, 312)","(6, 312, 24)"
einsum_bmm_naive,zabcd-zdbea-zec,6-72-72-72-72,6-72-24,0.3424040794372558,"(6, 373248, 72)","(6, 72, 24)"
einsum_bmm_naive,zabcd-zdeca-zbe,6-72-72-72-72,6-24-72,0.3381027936935424,"(6, 373248, 72)","(6, 72, 24)"
einsum_bmm_naive,zabcd-zebad-zce,6-72-72-72-72,6-24-72,0.3628787994384765,"(6, 373248, 72)","(6, 72, 24)"
einsum_bmm_naive,zabcde-zefbad-zcf,6-48-32-32-48-32,6-24-32,2.4842448234558105,"(6, 2359296, 32)","(6, 32, 24)"
einsum_bmm_naive,zabcde-zecbfa-zfd,6-48-32-32-48-48,6-48-24,15.230404376983644,"(6, 2359296, 48)","(6, 48, 24)"
einsum_bmm_naive,zabcde-zefcad-zbf,6-48-32-32-48-32,6-24-32,1.3340590000152588,"(6, 2359296, 32)","(6, 32, 24)"
einsum_bmm_naive,zabcd-zea-zebcd,6-72-72,6-72-72-72-72,4.304427647590638,"(6, 72, 72)","(6, 72, 373248)"
einsum_bmm_naive,zabcd-zeb-zaecd,6-72-72,6-72-72-72-72,4.49934983253479,"(6, 72, 72)","(6, 72, 373248)"
einsum_bmm_naive,zabcd-zec-zabed,6-72-72,6-72-72-72-72,4.569859850406647,"(6, 72, 72)","(6, 72, 373248)"
einsum_bmm_naive,zab-zac-zcb,6-5136-5136,6-5136-5120,75.33614325523376,"(6, 5136, 5136)","(6, 5136, 5120)"
einsum_bmm_naive,zab-zacd-zdbc,6-312-296-312,6-312-296-296,4.653375792503357,"(6, 312, 92352)","(6, 92352, 296)"
einsum_bmm_naive,zab-zcad-zdcb,6-312-312-312,6-312-312-296,5.309905910491944,"(6, 312, 97344)","(6, 97344, 296)"
einsum_bmm_naive,zabc-zacd-zdb,6-312-296-312,6-312-296,1.4833121061325074,"(6, 92352, 312)","(6, 312, 296)"
einsum_bmm_naive,zabc-zad-zbdc,6-312-296,6-312-296-296,6.374586367607117,"(6, 312, 296)","(6, 296, 92352)"
einsum_bmm_naive,zabc-zadc-zbd,6-312-296-296,6-312-296,1.6554280519485474,"(6, 92352, 296)","(6, 296, 312)"
einsum_bmm_naive,zabc-zadc-zdb,6-312-312-296,6-312-296,1.5862570762634278,"(6, 92352, 312)","(6, 312, 296)"
einsum_bmm_naive,zabc-zadec-zebd,6-72-72-72-72,6-72-72-72,0.5908026337623596,"(6, 5184, 5184)","(6, 5184, 72)"
einsum_bmm_naive,zabcd-zaebf-zdfce,6-72-72-72-72,6-72-72-72-72,77.95012283325195,"(6, 5184, 5184)","(6, 5184, 5184)"
einsum_bmm_naive,zabcd-zaebf-zfdec,6-72-72-72-72,6-72-72-72-72,78.41955375671387,"(6, 5184, 5184)","(6, 5184, 5184)"
einsum_bmm_naive,zabcd-zaecf-zbfde,6-72-72-72-72,6-72-72-72-72,79.38185667991638,"(6, 5184, 5184)","(6, 5184, 5184)"
einsum_bmm_naive,zabcd-zaecf-zfbed,6-72-72-72-72,6-72-72-72-72,80.49121284484863,"(6, 5184, 5184)","(6, 5184, 5184)"
einsum_bmm_naive,zabcd-zaedf-zbfce,6-72-72-72-72,6-72-72-72-72,78.78422856330872,"(6, 5184, 5184)","(6, 5184, 5184)"
einsum_bmm_naive,zabcd-zaedf-zfbec,6-72-72-72-72,6-72-72-72-72,80.64000415802002,"(6, 5184, 5184)","(6, 5184, 5184)"
einsum_bmm_naive,zabcd-zaefb-zfdce,6-72-72-72-72,6-72-72-72-72,80.43954586982727,"(6, 5184, 5184)","(6, 5184, 5184)"
einsum_bmm_naive,zabcd-zaefc-zfbed,6-72-72-72-72,6-72-72-72-72,78.92024540901184,"(6, 5184, 5184)","(6, 5184, 5184)"
einsum_bmm_naive,zabcd-zeafb-zfdec,6-72-72-72-72,6-72-72-72-72,80.93774747848511,"(6, 5184, 5184)","(6, 5184, 5184)"
einsum_bmm_naive,zabcd-zeafc-zbfde,6-72-72-72-72,6-72-72-72-72,77.1135482788086,"(6, 5184, 5184)","(6, 5184, 5184)"
einsum_bmm_naive,zabcd-zeafd-zfbec,6-72-72-72-72,6-72-72-72-72,76.94956421852112,"(6, 5184, 5184)","(6, 5184, 5184)"
einsum_bmm_naive,zabcdef-zdega-zgfbc,6-24-16-24-24,6-24-16-16-16,0.4071764349937439,"(6, 9216, 24)","(6, 24, 4096)"
einsum_bmm_naive,zabcdef-zdegb-zgfac,6-24-16-24-16,6-24-16-24-16,0.4074942588806152,"(6, 6144, 24)","(6, 24, 6144)"
einsum_bmm_naive,zabcdef-zdegc-zgfab,6-24-16-24-16,6-24-16-24-16,0.4029386520385742,"(6, 6144, 24)","(6, 24, 6144)"
einsum_bmm_naive,zabcdef-zdfga-zgebc,6-24-16-24-24,6-24-16-16-16,0.4035603761672973,"(6, 9216, 24)","(6, 24, 4096)"
einsum_bmm_naive,zabcdef-zdfgb-zgeac,6-24-16-24-16,6-24-16-24-16,0.401573920249939,"(6, 6144, 24)","(6, 24, 6144)"
einsum_bmm_naive,zabcdef-zdfgc-zgeab,6-24-16-24-16,6-24-16-24-16,0.4034303188323974,"(6, 6144, 24)","(6, 24, 6144)"
einsum_bmm_naive,zabcdef-zefga-zgdbc,6-24-16-24-24,6-24-16-16-16,0.3906494617462158,"(6, 9216, 24)","(6, 24, 4096)"
einsum_bmm_naive,zabcdef-zefgb-zgdac,6-24-16-24-16,6-24-16-24-16,0.3931122183799743,"(6, 6144, 24)","(6, 24, 6144)"
einsum_bmm_naive,zabcdef-zefgc-zgdab,6-24-16-24-16,6-24-16-24-16,0.4076223850250244,"(6, 6144, 24)","(6, 24, 6144)"
einsum_bmm_naive,zabcdef-zgdab-zefgc,6-24-16-24-16,6-24-16-24-16,0.3921353220939636,"(6, 6144, 24)","(6, 24, 6144)"
einsum_bmm_naive,zabcdef-zgdac-zefgb,6-24-16-24-16,6-24-16-24-16,0.4061156988143921,"(6, 6144, 24)","(6, 24, 6144)"
einsum_bmm_naive,zabcdef-zgdbc-zefga,6-24-16-16-16,6-24-16-24-24,0.3966660022735596,"(6, 4096, 24)","(6, 24, 9216)"
einsum_bmm_naive,zabcdef-zgeab-zdfgc,6-24-16-24-16,6-24-16-24-16,0.4073269724845886,"(6, 6144, 24)","(6, 24, 6144)"
einsum_bmm_naive,zabcdef-zgeac-zdfgb,6-24-16-24-16,6-24-16-24-16,0.3917715549468994,"(6, 6144, 24)","(6, 24, 6144)"
einsum_bmm_naive,zabcdef-zgebc-zdfga,6-24-16-16-16,6-24-16-24-24,0.3975626111030578,"(6, 4096, 24)","(6, 24, 9216)"
einsum_bmm_naive,zabcdef-zgfab-zdegc,6-24-16-24-16,6-24-16-24-16,0.3914713859558105,"(6, 6144, 24)","(6, 24, 6144)"
einsum_bmm_naive,zabcdef-zgfac-zdegb,6-24-16-24-16,6-24-16-24-16,0.3920217156410217,"(6, 6144, 24)","(6, 24, 6144)"
einsum_bmm_naive,zabcdef-zgfbc-zdega,6-24-16-16-16,6-24-16-24-24,0.3946018934249878,"(6, 4096, 24)","(6, 24, 9216)"
einsum_bmm_avx2,zabc-zbda-zdc,6-312-312-312,6-312-24,0.4265341401100159,"(6, 97344, 312)","(6, 312, 24)"
einsum_bmm_avx2,zabc-zdca-zbd,6-312-296-312,6-24-312,0.4646365761756897,"(6, 92352, 312)","(6, 312, 24)"
einsum_bmm_avx2,zabcd-zdbea-zec,6-72-72-72-72,6-72-24,0.5462989211082458,"(6, 373248, 72)","(6, 72, 24)"
einsum_bmm_avx2,zabcd-zdeca-zbe,6-72-72-72-72,6-24-72,0.5306091427803039,"(6, 373248, 72)","(6, 72, 24)"
einsum_bmm_avx2,zabcd-zebad-zce,6-72-72-72-72,6-24-72,0.5596458554267884,"(6, 373248, 72)","(6, 72, 24)"
einsum_bmm_avx2,zabcde-zefbad-zcf,6-48-32-32-48-32,6-24-32,13.661096572875977,"(6, 2359296, 32)","(6, 32, 24)"
einsum_bmm_avx2,zabcde-zecbfa-zfd,6-48-32-32-48-48,6-48-24,16.963942527770996,"(6, 2359296, 48)","(6, 48, 24)"
einsum_bmm_avx2,zabcde-zefcad-zbf,6-48-32-32-48-32,6-24-32,11.207390666007996,"(6, 2359296, 32)","(6, 32, 24)"
einsum_bmm_avx2,zabcd-zea-zebcd,6-72-72,6-72-72-72-72,1.1524810194969175,"(6, 72, 72)","(6, 72, 373248)"
einsum_bmm_avx2,zabcd-zeb-zaecd,6-72-72,6-72-72-72-72,1.3088196873664857,"(6, 72, 72)","(6, 72, 373248)"
einsum_bmm_avx2,zabcd-zec-zabed,6-72-72,6-72-72-72-72,1.3585024237632752,"(6, 72, 72)","(6, 72, 373248)"
einsum_bmm_avx2,zab-zac-zcb,6-5136-5136,6-5136-5120,9.10904049873352,"(6, 5136, 5136)","(6, 5136, 5120)"
einsum_bmm_avx2,zab-zacd-zdbc,6-312-296-312,6-312-296-296,1.016699028015137,"(6, 312, 92352)","(6, 92352, 296)"
einsum_bmm_avx2,zab-zcad-zdcb,6-312-312-312,6-312-312-296,1.0129164934158326,"(6, 312, 97344)","(6, 97344, 296)"
einsum_bmm_avx2,zabc-zacd-zdb,6-312-296-312,6-312-296,1.142026996612549,"(6, 92352, 312)","(6, 312, 296)"
einsum_bmm_avx2,zabc-zad-zbdc,6-312-296,6-312-296-296,1.1191778421401977,"(6, 312, 296)","(6, 296, 92352)"
einsum_bmm_avx2,zabc-zadc-zbd,6-312-296-296,6-312-296,1.3908438682556152,"(6, 92352, 296)","(6, 296, 312)"
einsum_bmm_avx2,zabc-zadc-zdb,6-312-312-296,6-312-296,1.3977283477783202,"(6, 92352, 312)","(6, 312, 296)"
einsum_bmm_avx2,zabc-zadec-zebd,6-72-72-72-72,6-72-72-72,0.401563274860382,"(6, 5184, 5184)","(6, 5184, 72)"
einsum_bmm_avx2,zabcd-zaebf-zdfce,6-72-72-72-72,6-72-72-72-72,10.912450551986694,"(6, 5184, 5184)","(6, 5184, 5184)"
einsum_bmm_avx2,zabcd-zaebf-zfdec,6-72-72-72-72,6-72-72-72-72,11.41467022895813,"(6, 5184, 5184)","(6, 5184, 5184)"
einsum_bmm_avx2,zabcd-zaecf-zbfde,6-72-72-72-72,6-72-72-72-72,11.82166576385498,"(6, 5184, 5184)","(6, 5184, 5184)"
einsum_bmm_avx2,zabcd-zaecf-zfbed,6-72-72-72-72,6-72-72-72-72,11.39936590194702,"(6, 5184, 5184)","(6, 5184, 5184)"
einsum_bmm_avx2,zabcd-zaedf-zbfce,6-72-72-72-72,6-72-72-72-72,11.830286741256714,"(6, 5184, 5184)","(6, 5184, 5184)"
einsum_bmm_avx2,zabcd-zaedf-zfbec,6-72-72-72-72,6-72-72-72-72,11.376096963882446,"(6, 5184, 5184)","(6, 5184, 5184)"
einsum_bmm_avx2,zabcd-zaefb-zfdce,6-72-72-72-72,6-72-72-72-72,11.848559617996216,"(6, 5184, 5184)","(6, 5184, 5184)"
einsum_bmm_avx2,zabcd-zaefc-zfbed,6-72-72-72-72,6-72-72-72-72,11.431225776672363,"(6, 5184, 5184)","(6, 5184, 5184)"
einsum_bmm_avx2,zabcd-zeafb-zfdec,6-72-72-72-72,6-72-72-72-72,11.490821599960327,"(6, 5184, 5184)","(6, 5184, 5184)"
einsum_bmm_avx2,zabcd-zeafc-zbfde,6-72-72-72-72,6-72-72-72-72,12.034469366073608,"(6, 5184, 5184)","(6, 5184, 5184)"
einsum_bmm_avx2,zabcd-zeafd-zfbec,6-72-72-72-72,6-72-72-72-72,11.437148809432983,"(6, 5184, 5184)","(6, 5184, 5184)"
einsum_bmm_avx2,zabcdef-zdega-zgfbc,6-24-16-24-24,6-24-16-16-16,0.9201878547668456,"(6, 9216, 24)","(6, 24, 4096)"
einsum_bmm_avx2,zabcdef-zdegb-zgfac,6-24-16-24-16,6-24-16-24-16,0.9236919403076173,"(6, 6144, 24)","(6, 24, 6144)"
einsum_bmm_avx2,zabcdef-zdegc-zgfab,6-24-16-24-16,6-24-16-24-16,0.9270437002182008,"(6, 6144, 24)","(6, 24, 6144)"
einsum_bmm_avx2,zabcdef-zdfga-zgebc,6-24-16-24-24,6-24-16-16-16,0.9200669050216674,"(6, 9216, 24)","(6, 24, 4096)"
einsum_bmm_avx2,zabcdef-zdfgb-zgeac,6-24-16-24-16,6-24-16-24-16,0.9281899929046632,"(6, 6144, 24)","(6, 24, 6144)"
einsum_bmm_avx2,zabcdef-zdfgc-zgeab,6-24-16-24-16,6-24-16-24-16,0.9226621270179748,"(6, 6144, 24)","(6, 24, 6144)"
einsum_bmm_avx2,zabcdef-zefga-zgdbc,6-24-16-24-24,6-24-16-16-16,0.9260529279708862,"(6, 9216, 24)","(6, 24, 4096)"
einsum_bmm_avx2,zabcdef-zefgb-zgdac,6-24-16-24-16,6-24-16-24-16,0.9171142578125,"(6, 6144, 24)","(6, 24, 6144)"
einsum_bmm_avx2,zabcdef-zefgc-zgdab,6-24-16-24-16,6-24-16-24-16,0.9320237278938294,"(6, 6144, 24)","(6, 24, 6144)"
einsum_bmm_avx2,zabcdef-zgdab-zefgc,6-24-16-24-16,6-24-16-24-16,0.9370497584342956,"(6, 6144, 24)","(6, 24, 6144)"
einsum_bmm_avx2,zabcdef-zgdac-zefgb,6-24-16-24-16,6-24-16-24-16,0.9342262983322144,"(6, 6144, 24)","(6, 24, 6144)"
einsum_bmm_avx2,zabcdef-zgdbc-zefga,6-24-16-16-16,6-24-16-24-24,0.910567796230316,"(6, 4096, 24)","(6, 24, 9216)"
einsum_bmm_avx2,zabcdef-zgeab-zdfgc,6-24-16-24-16,6-24-16-24-16,0.9220097422599792,"(6, 6144, 24)","(6, 24, 6144)"
einsum_bmm_avx2,zabcdef-zgeac-zdfgb,6-24-16-24-16,6-24-16-24-16,0.9254701614379884,"(6, 6144, 24)","(6, 24, 6144)"
einsum_bmm_avx2,zabcdef-zgebc-zdfga,6-24-16-16-16,6-24-16-24-24,0.9165069580078123,"(6, 4096, 24)","(6, 24, 9216)"
einsum_bmm_avx2,zabcdef-zgfab-zdegc,6-24-16-24-16,6-24-16-24-16,0.915804135799408,"(6, 6144, 24)","(6, 24, 6144)"
einsum_bmm_avx2,zabcdef-zgfac-zdegb,6-24-16-24-16,6-24-16-24-16,0.9185724973678588,"(6, 6144, 24)","(6, 24, 6144)"
einsum_bmm_avx2,zabcdef-zgfbc-zdega,6-24-16-16-16,6-24-16-24-24,0.912970733642578,"(6, 4096, 24)","(6, 24, 9216)"
einsum_bmm_omp,zabc-zbda-zdc,6-312-312-312,6-312-24,0.4170642733573914,"(6, 97344, 312)","(6, 312, 24)"
einsum_bmm_omp,zabc-zdca-zbd,6-312-296-312,6-24-312,0.4565785765647888,"(6, 92352, 312)","(6, 312, 24)"
einsum_bmm_omp,zabcd-zdbea-zec,6-72-72-72-72,6-72-24,0.5342609882354736,"(6, 373248, 72)","(6, 72, 24)"
einsum_bmm_omp,zabcd-zdeca-zbe,6-72-72-72-72,6-24-72,0.523813009262085,"(6, 373248, 72)","(6, 72, 24)"
einsum_bmm_omp,zabcd-zebad-zce,6-72-72-72-72,6-24-72,0.549364197254181,"(6, 373248, 72)","(6, 72, 24)"
einsum_bmm_omp,zabcde-zefbad-zcf,6-48-32-32-48-32,6-24-32,9.20429515838623,"(6, 2359296, 32)","(6, 32, 24)"
einsum_bmm_omp,zabcde-zecbfa-zfd,6-48-32-32-48-48,6-48-24,14.461037635803224,"(6, 2359296, 48)","(6, 48, 24)"
einsum_bmm_omp,zabcde-zefcad-zbf,6-48-32-32-48-32,6-24-32,9.02400827407837,"(6, 2359296, 32)","(6, 32, 24)"
einsum_bmm_omp,zabcd-zea-zebcd,6-72-72,6-72-72-72-72,1.020933949947357,"(6, 72, 72)","(6, 72, 373248)"
einsum_bmm_omp,zabcd-zeb-zaecd,6-72-72,6-72-72-72-72,1.2804231524467469,"(6, 72, 72)","(6, 72, 373248)"
einsum_bmm_omp,zabcd-zec-zabed,6-72-72,6-72-72-72-72,1.2898545384407043,"(6, 72, 72)","(6, 72, 373248)"
einsum_bmm_omp,zab-zac-zcb,6-5136-5136,6-5136-5120,8.262648582458496,"(6, 5136, 5136)","(6, 5136, 5120)"
einsum_bmm_omp,zab-zacd-zdbc,6-312-296-312,6-312-296-296,0.9455153465270996,"(6, 312, 92352)","(6, 92352, 296)"
einsum_bmm_omp,zab-zcad-zdcb,6-312-312-312,6-312-312-296,0.9340013027191162,"(6, 312, 97344)","(6, 97344, 296)"
einsum_bmm_omp,zabc-zacd-zdb,6-312-296-312,6-312-296,1.1413150787353517,"(6, 92352, 312)","(6, 312, 296)"
einsum_bmm_omp,zabc-zad-zbdc,6-312-296,6-312-296-296,1.1769840478897096,"(6, 312, 296)","(6, 296, 92352)"
einsum_bmm_omp,zabc-zadc-zbd,6-312-296-296,6-312-296,1.3922289848327636,"(6, 92352, 296)","(6, 296, 312)"
einsum_bmm_omp,zabc-zadc-zdb,6-312-312-296,6-312-296,1.3966986417770386,"(6, 92352, 312)","(6, 312, 296)"
einsum_bmm_omp,zabc-zadec-zebd,6-72-72-72-72,6-72-72-72,0.3861970424652099,"(6, 5184, 5184)","(6, 5184, 72)"
einsum_bmm_omp,zabcd-zaebf-zdfce,6-72-72-72-72,6-72-72-72-72,9.347604513168337,"(6, 5184, 5184)","(6, 5184, 5184)"
einsum_bmm_omp,zabcd-zaebf-zfdec,6-72-72-72-72,6-72-72-72-72,9.756324291229248,"(6, 5184, 5184)","(6, 5184, 5184)"
einsum_bmm_omp,zabcd-zaecf-zbfde,6-72-72-72-72,6-72-72-72-72,10.3976788520813,"(6, 5184, 5184)","(6, 5184, 5184)"
einsum_bmm_omp,zabcd-zaecf-zfbed,6-72-72-72-72,6-72-72-72-72,9.93893313407898,"(6, 5184, 5184)","(6, 5184, 5184)"
einsum_bmm_omp,zabcd-zaedf-zbfce,6-72-72-72-72,6-72-72-72-72,10.377690076828005,"(6, 5184, 5184)","(6, 5184, 5184)"
einsum_bmm_omp,zabcd-zaedf-zfbec,6-72-72-72-72,6-72-72-72-72,9.924410581588743,"(6, 5184, 5184)","(6, 5184, 5184)"
einsum_bmm_omp,zabcd-zaefb-zfdce,6-72-72-72-72,6-72-72-72-72,10.39520502090454,"(6, 5184, 5184)","(6, 5184, 5184)"
einsum_bmm_omp,zabcd-zaefc-zfbed,6-72-72-72-72,6-72-72-72-72,9.978322267532349,"(6, 5184, 5184)","(6, 5184, 5184)"
einsum_bmm_omp,zabcd-zeafb-zfdec,6-72-72-72-72,6-72-72-72-72,9.967028141021729,"(6, 5184, 5184)","(6, 5184, 5184)"
einsum_bmm_omp,zabcd-zeafc-zbfde,6-72-72-72-72,6-72-72-72-72,10.449301958084106,"(6, 5184, 5184)","(6, 5184, 5184)"
einsum_bmm_omp,zabcd-zeafd-zfbec,6-72-72-72-72,6-72-72-72-72,9.973185300827026,"(6, 5184, 5184)","(6, 5184, 5184)"
einsum_bmm_omp,zabcdef-zdega-zgfbc,6-24-16-24-24,6-24-16-16-16,0.9344370603561402,"(6, 9216, 24)","(6, 24, 4096)"
einsum_bmm_omp,zabcdef-zdegb-zgfac,6-24-16-24-16,6-24-16-24-16,0.932994532585144,"(6, 6144, 24)","(6, 24, 6144)"
einsum_bmm_omp,zabcdef-zdegc-zgfab,6-24-16-24-16,6-24-16-24-16,0.940009307861328,"(6, 6144, 24)","(6, 24, 6144)"
einsum_bmm_omp,zabcdef-zdfga-zgebc,6-24-16-24-24,6-24-16-16-16,0.931410562992096,"(6, 9216, 24)","(6, 24, 4096)"
einsum_bmm_omp,zabcdef-zdfgb-zgeac,6-24-16-24-16,6-24-16-24-16,0.9324106812477112,"(6, 6144, 24)","(6, 24, 6144)"
einsum_bmm_omp,zabcdef-zdfgc-zgeab,6-24-16-24-16,6-24-16-24-16,0.9356130480766296,"(6, 6144, 24)","(6, 24, 6144)"
einsum_bmm_omp,zabcdef-zefga-zgdbc,6-24-16-24-24,6-24-16-16-16,0.9285027623176576,"(6, 9216, 24)","(6, 24, 4096)"
einsum_bmm_omp,zabcdef-zefgb-zgdac,6-24-16-24-16,6-24-16-24-16,0.9318021535873412,"(6, 6144, 24)","(6, 24, 6144)"
einsum_bmm_omp,zabcdef-zefgc-zgdab,6-24-16-24-16,6-24-16-24-16,0.93150532245636,"(6, 6144, 24)","(6, 24, 6144)"
einsum_bmm_omp,zabcdef-zgdab-zefgc,6-24-16-24-16,6-24-16-24-16,0.9276391506195067,"(6, 6144, 24)","(6, 24, 6144)"
einsum_bmm_omp,zabcdef-zgdac-zefgb,6-24-16-24-16,6-24-16-24-16,0.9330122590065002,"(6, 6144, 24)","(6, 24, 6144)"
einsum_bmm_omp,zabcdef-zgdbc-zefga,6-24-16-16-16,6-24-16-24-24,0.9142223238945008,"(6, 4096, 24)","(6, 24, 9216)"
einsum_bmm_omp,zabcdef-zgeab-zdfgc,6-24-16-24-16,6-24-16-24-16,0.936612606048584,"(6, 6144, 24)","(6, 24, 6144)"
einsum_bmm_omp,zabcdef-zgeac-zdfgb,6-24-16-24-16,6-24-16-24-16,0.9256590723991394,"(6, 6144, 24)","(6, 24, 6144)"
einsum_bmm_omp,zabcdef-zgebc-zdfga,6-24-16-16-16,6-24-16-24-24,0.9301924467086792,"(6, 4096, 24)","(6, 24, 9216)"
einsum_bmm_omp,zabcdef-zgfab-zdegc,6-24-16-24-16,6-24-16-24-16,0.9348588347434996,"(6, 6144, 24)","(6, 24, 6144)"
einsum_bmm_omp,zabcdef-zgfac-zdegb,6-24-16-24-16,6-24-16-24-16,0.9340462684631348,"(6, 6144, 24)","(6, 24, 6144)"
einsum_bmm_omp,zabcdef-zgfbc-zdega,6-24-16-16-16,6-24-16-24-24,0.9228631734848024,"(6, 4096, 24)","(6, 24, 9216)"
einsum_bmm_blas,zabc-zbda-zdc,6-312-312-312,6-312-24,0.4142596006393432,"(6, 97344, 312)","(6, 312, 24)"
einsum_bmm_blas,zabc-zdca-zbd,6-312-296-312,6-24-312,0.4530897498130798,"(6, 92352, 312)","(6, 312, 24)"
einsum_bmm_blas,zabcd-zdbea-zec,6-72-72-72-72,6-72-24,0.3864997267723083,"(6, 373248, 72)","(6, 72, 24)"
einsum_bmm_blas,zabcd-zdeca-zbe,6-72-72-72-72,6-24-72,0.372405982017517,"(6, 373248, 72)","(6, 72, 24)"
einsum_bmm_blas,zabcd-zebad-zce,6-72-72-72-72,6-24-72,0.4047104001045227,"(6, 373248, 72)","(6, 72, 24)"
einsum_bmm_blas,zabcde-zefbad-zcf,6-48-32-32-48-32,6-24-32,1.5479588508605957,"(6, 2359296, 32)","(6, 32, 24)"
einsum_bmm_blas,zabcde-zecbfa-zfd,6-48-32-32-48-48,6-48-24,10.133828401565552,"(6, 2359296, 48)","(6, 48, 24)"
einsum_bmm_blas,zabcde-zefcad-zbf,6-48-32-32-48-32,6-24-32,1.5935684442520142,"(6, 2359296, 32)","(6, 32, 24)"
einsum_bmm_blas,zabcd-zea-zebcd,6-72-72,6-72-72-72-72,0.2568211436271667,"(6, 72, 72)","(6, 72, 373248)"
einsum_bmm_blas,zabcd-zeb-zaecd,6-72-72,6-72-72-72-72,0.4532718658447265,"(6, 72, 72)","(6, 72, 373248)"
einsum_bmm_blas,zabcd-zec-zabed,6-72-72,6-72-72-72-72,0.4858845949172973,"(6, 72, 72)","(6, 72, 373248)"
einsum_bmm_blas,zab-zac-zcb,6-5136-5136,6-5136-5120,5.085185289382935,"(6, 5136, 5136)","(6, 5136, 5120)"
einsum_bmm_blas,zab-zacd-zdbc,6-312-296-312,6-312-296-296,0.9371277809143066,"(6, 312, 92352)","(6, 92352, 296)"
einsum_bmm_blas,zab-zcad-zdcb,6-312-312-312,6-312-312-296,0.9072198390960692,"(6, 312, 97344)","(6, 97344, 296)"
einsum_bmm_blas,zabc-zacd-zdb,6-312-296-312,6-312-296,0.5722901105880738,"(6, 92352, 312)","(6, 312, 296)"
einsum_bmm_blas,zabc-zad-zbdc,6-312-296,6-312-296-296,0.761393141746521,"(6, 312, 296)","(6, 296, 92352)"
einsum_bmm_blas,zabc-zadc-zbd,6-312-296-296,6-312-296,0.7919219017028809,"(6, 92352, 296)","(6, 296, 312)"
einsum_bmm_blas,zabc-zadc-zdb,6-312-312-296,6-312-296,0.8017554521560669,"(6, 92352, 312)","(6, 312, 296)"
einsum_bmm_blas,zabc-zadec-zebd,6-72-72-72-72,6-72-72-72,0.3969578742980957,"(6, 5184, 5184)","(6, 5184, 72)"
einsum_bmm_blas,zabcd-zaebf-zdfce,6-72-72-72-72,6-72-72-72-72,6.590633153915405,"(6, 5184, 5184)","(6, 5184, 5184)"
einsum_bmm_blas,zabcd-zaebf-zfdec,6-72-72-72-72,6-72-72-72-72,6.375723123550415,"(6, 5184, 5184)","(6, 5184, 5184)"
einsum_bmm_blas,zabcd-zaecf-zbfde,6-72-72-72-72,6-72-72-72-72,7.18910813331604,"(6, 5184, 5184)","(6, 5184, 5184)"
einsum_bmm_blas,zabcd-zaecf-zfbed,6-72-72-72-72,6-72-72-72-72,7.090266704559326,"(6, 5184, 5184)","(6, 5184, 5184)"
einsum_bmm_blas,zabcd-zaedf-zbfce,6-72-72-72-72,6-72-72-72-72,7.57197904586792,"(6, 5184, 5184)","(6, 5184, 5184)"
einsum_bmm_blas,zabcd-zaedf-zfbec,6-72-72-72-72,6-72-72-72-72,6.802539587020874,"(6, 5184, 5184)","(6, 5184, 5184)"
einsum_bmm_blas,zabcd-zaefb-zfdce,6-72-72-72-72,6-72-72-72-72,7.268722295761108,"(6, 5184, 5184)","(6, 5184, 5184)"
einsum_bmm_blas,zabcd-zaefc-zfbed,6-72-72-72-72,6-72-72-72-72,7.530256986618042,"(6, 5184, 5184)","(6, 5184, 5184)"
einsum_bmm_blas,zabcd-zeafb-zfdec,6-72-72-72-72,6-72-72-72-72,6.807748317718506,"(6, 5184, 5184)","(6, 5184, 5184)"
einsum_bmm_blas,zabcd-zeafc-zbfde,6-72-72-72-72,6-72-72-72-72,7.467088222503662,"(6, 5184, 5184)","(6, 5184, 5184)"
einsum_bmm_blas,zabcd-zeafd-zfbec,6-72-72-72-72,6-72-72-72-72,6.927285194396973,"(6, 5184, 5184)","(6, 5184, 5184)"
einsum_bmm_blas,zabcdef-zdega-zgfbc,6-24-16-24-24,6-24-16-16-16,0.2763889908790588,"(6, 9216, 24)","(6, 24, 4096)"
einsum_bmm_blas,zabcdef-zdegb-zgfac,6-24-16-24-16,6-24-16-24-16,0.272592282295227,"(6, 6144, 24)","(6, 24, 6144)"
einsum_bmm_blas,zabcdef-zdegc-zgfab,6-24-16-24-16,6-24-16-24-16,0.2763419508934021,"(6, 6144, 24)","(6, 24, 6144)"
einsum_bmm_blas,zabcdef-zdfga-zgebc,6-24-16-24-24,6-24-16-16-16,0.2794790029525756,"(6, 9216, 24)","(6, 24, 4096)"
einsum_bmm_blas,zabcdef-zdfgb-zgeac,6-24-16-24-16,6-24-16-24-16,0.2764796018600464,"(6, 6144, 24)","(6, 24, 6144)"
einsum_bmm_blas,zabcdef-zdfgc-zgeab,6-24-16-24-16,6-24-16-24-16,0.2769292116165161,"(6, 6144, 24)","(6, 24, 6144)"
einsum_bmm_blas,zabcdef-zefga-zgdbc,6-24-16-24-24,6-24-16-16-16,0.2781724333763122,"(6, 9216, 24)","(6, 24, 4096)"
einsum_bmm_blas,zabcdef-zefgb-zgdac,6-24-16-24-16,6-24-16-24-16,0.2754377484321594,"(6, 6144, 24)","(6, 24, 6144)"
einsum_bmm_blas,zabcdef-zefgc-zgdab,6-24-16-24-16,6-24-16-24-16,0.2767614006996154,"(6, 6144, 24)","(6, 24, 6144)"
einsum_bmm_blas,zabcdef-zgdab-zefgc,6-24-16-24-16,6-24-16-24-16,0.2775957226753235,"(6, 6144, 24)","(6, 24, 6144)"
einsum_bmm_blas,zabcdef-zgdac-zefgb,6-24-16-24-16,6-24-16-24-16,0.2759218692779541,"(6, 6144, 24)","(6, 24, 6144)"
einsum_bmm_blas,zabcdef-zgdbc-zefga,6-24-16-16-16,6-24-16-24-24,0.2752611041069031,"(6, 4096, 24)","(6, 24, 9216)"
einsum_bmm_blas,zabcdef-zgeab-zdfgc,6-24-16-24-16,6-24-16-24-16,0.2773651123046875,"(6, 6144, 24)","(6, 24, 6144)"
einsum_bmm_blas,zabcdef-zgeac-zdfgb,6-24-16-24-16,6-24-16-24-16,0.2762673020362854,"(6, 6144, 24)","(6, 24, 6144)"
einsum_bmm_blas,zabcdef-zgebc-zdfga,6-24-16-16-16,6-24-16-24-24,0.2747923254966736,"(6, 4096, 24)","(6, 24, 9216)"
einsum_bmm_blas,zabcdef-zgfab-zdegc,6-24-16-24-16,6-24-16-24-16,0.2767740488052368,"(6, 6144, 24)","(6, 24, 6144)"
einsum_bmm_blas,zabcdef-zgfac-zdegb,6-24-16-24-16,6-24-16-24-16,0.2786050319671631,"(6, 6144, 24)","(6, 24, 6144)"
einsum_bmm_blas,zabcdef-zgfbc-zdega,6-24-16-16-16,6-24-16-24-24,0.2792030811309814,"(6, 4096, 24)","(6, 24, 9216)"
numpy_einsum,zabc-zbda-zdc,6-312-312-312,6-312-24,7.700043082237244,"(6, 97344, 312)","(6, 312, 24)"
numpy_einsum,zabc-zdca-zbd,6-312-296-312,6-24-312,2.608112895488739,"(6, 92352, 312)","(6, 312, 24)"
numpy_einsum,zabcd-zdbea-zec,6-72-72-72-72,6-72-24,5.381535542011261,"(6, 373248, 72)","(6, 72, 24)"
numpy_einsum,zabcd-zdeca-zbe,6-72-72-72-72,6-24-72,2.644766628742218,"(6, 373248, 72)","(6, 72, 24)"
numpy_einsum,zabcd-zebad-zce,6-72-72-72-72,6-24-72,2.5141356348991395,"(6, 373248, 72)","(6, 72, 24)"
numpy_einsum,zabcde-zefbad-zcf,6-48-32-32-48-32,6-24-32,7.606108665466309,"(6, 2359296, 32)","(6, 32, 24)"
numpy_einsum,zabcde-zecbfa-zfd,6-48-32-32-48-48,6-48-24,21.592280626297,"(6, 2359296, 48)","(6, 48, 24)"
numpy_einsum,zabcde-zefcad-zbf,6-48-32-32-48-32,6-24-32,7.610404014587402,"(6, 2359296, 32)","(6, 32, 24)"
numpy_einsum,zabcd-zea-zebcd,6-72-72,6-72-72-72-72,9.606806826591493,"(6, 72, 72)","(6, 72, 373248)"
numpy_einsum,zabcd-zeb-zaecd,6-72-72,6-72-72-72-72,17.187539935112,"(6, 72, 72)","(6, 72, 373248)"
numpy_einsum,zabcd-zec-zabed,6-72-72,6-72-72-72-72,18.17998919487,"(6, 72, 72)","(6, 72, 373248)"
numpy_einsum,zab-zac-zcb,6-5136-5136,6-5136-5120,517.8948414325714,"(6, 5136, 5136)","(6, 5136, 5120)"
numpy_einsum,zab-zacd-zdbc,6-312-296-312,6-312-296-296,100.18705589771272,"(6, 312, 92352)","(6, 92352, 296)"
numpy_einsum,zab-zcad-zdcb,6-312-312-312,6-312-312-296,30.068145442008973,"(6, 312, 97344)","(6, 97344, 296)"
numpy_einsum,zabc-zacd-zdb,6-312-296-312,6-312-296,28.066560339927676,"(6, 92352, 312)","(6, 312, 296)"
numpy_einsum,zabc-zad-zbdc,6-312-296,6-312-296-296,35.48257856369018,"(6, 312, 296)","(6, 296, 92352)"
numpy_einsum,zabc-zadc-zbd,6-312-296-296,6-312-296,28.337812757492067,"(6, 92352, 296)","(6, 296, 312)"
numpy_einsum,zabc-zadc-zdb,6-312-312-296,6-312-296,76.74321384429932,"(6, 92352, 312)","(6, 312, 296)"
numpy_einsum,zabc-zadec-zebd,6-72-72-72-72,6-72-72-72,6.837148487567902,"(6, 5184, 5184)","(6, 5184, 72)"
numpy_einsum,zabcd-zaebf-zdfce,6-72-72-72-72,6-72-72-72-72,426.0036497116089,"(6, 5184, 5184)","(6, 5184, 5184)"
numpy_einsum,zabcd-zaebf-zfdec,6-72-72-72-72,6-72-72-72-72,510.1856141090393,"(6, 5184, 5184)","(6, 5184, 5184)"
numpy_einsum,zabcd-zaecf-zbfde,6-72-72-72-72,6-72-72-72-72,426.8954901695252,"(6, 5184, 5184)","(6, 5184, 5184)"
numpy_einsum,zabcd-zaecf-zfbed,6-72-72-72-72,6-72-72-72-72,509.0136864185333,"(6, 5184, 5184)","(6, 5184, 5184)"
numpy_einsum,zabcd-zaedf-zbfce,6-72-72-72-72,6-72-72-72-72,429.7523360252381,"(6, 5184, 5184)","(6, 5184, 5184)"
numpy_einsum,zabcd-zaedf-zfbec,6-72-72-72-72,6-72-72-72-72,508.7919452190399,"(6, 5184, 5184)","(6, 5184, 5184)"
numpy_einsum,zabcd-zaefb-zfdce,6-72-72-72-72,6-72-72-72-72,507.35637855529785,"(6, 5184, 5184)","(6, 5184, 5184)"
numpy_einsum,zabcd-zaefc-zfbed,6-72-72-72-72,6-72-72-72-72,1320.2657582759855,"(6, 5184, 5184)","(6, 5184, 5184)"
numpy_einsum,zabcd-zeafb-zfdec,6-72-72-72-72,6-72-72-72-72,1301.076781988144,"(6, 5184, 5184)","(6, 5184, 5184)"
numpy_einsum,zabcd-zeafc-zbfde,6-72-72-72-72,6-72-72-72-72,597.085328578949,"(6, 5184, 5184)","(6, 5184, 5184)"
numpy_einsum,zabcd-zeafd-zfbec,6-72-72-72-72,6-72-72-72-72,1280.2736558914185,"(6, 5184, 5184)","(6, 5184, 5184)"
numpy_einsum,zabcdef-zdega-zgfbc,6-24-16-24-24,6-24-16-16-16,8.19411689043045,"(6, 9216, 24)","(6, 24, 4096)"
numpy_einsum,zabcdef-zdegb-zgfac,6-24-16-24-16,6-24-16-24-16,8.198596787452697,"(6, 6144, 24)","(6, 24, 6144)"
numpy_einsum,zabcdef-zdegc-zgfab,6-24-16-24-16,6-24-16-24-16,8.167024981975555,"(6, 6144, 24)","(6, 24, 6144)"
numpy_einsum,zabcdef-zdfga-zgebc,6-24-16-24-24,6-24-16-16-16,8.18939424753189,"(6, 9216, 24)","(6, 24, 4096)"
numpy_einsum,zabcdef-zdfgb-zgeac,6-24-16-24-16,6-24-16-24-16,8.199273121356963,"(6, 6144, 24)","(6, 24, 6144)"
numpy_einsum,zabcdef-zdfgc-zgeab,6-24-16-24-16,6-24-16-24-16,8.165555095672607,"(6, 6144, 24)","(6, 24, 6144)"
numpy_einsum,zabcdef-zefga-zgdbc,6-24-16-24-24,6-24-16-16-16,8.188547682762145,"(6, 9216, 24)","(6, 24, 4096)"
numpy_einsum,zabcdef-zefgb-zgdac,6-24-16-24-16,6-24-16-24-16,8.199511551856995,"(6, 6144, 24)","(6, 24, 6144)"
numpy_einsum,zabcdef-zefgc-zgdab,6-24-16-24-16,6-24-16-24-16,8.164845490455628,"(6, 6144, 24)","(6, 24, 6144)"
numpy_einsum,zabcdef-zgdab-zefgc,6-24-16-24-16,6-24-16-24-16,8.007877576351166,"(6, 6144, 24)","(6, 24, 6144)"
numpy_einsum,zabcdef-zgdac-zefgb,6-24-16-24-16,6-24-16-24-16,7.956450974941253,"(6, 6144, 24)","(6, 24, 6144)"
numpy_einsum,zabcdef-zgdbc-zefga,6-24-16-16-16,6-24-16-24-24,7.975874447822571,"(6, 4096, 24)","(6, 24, 9216)"
numpy_einsum,zabcdef-zgeab-zdfgc,6-24-16-24-16,6-24-16-24-16,7.987772917747497,"(6, 6144, 24)","(6, 24, 6144)"
numpy_einsum,zabcdef-zgeac-zdfgb,6-24-16-24-16,6-24-16-24-16,7.997343742847443,"(6, 6144, 24)","(6, 24, 6144)"
numpy_einsum,zabcdef-zgebc-zdfga,6-24-16-16-16,6-24-16-24-24,7.987090837955475,"(6, 4096, 24)","(6, 24, 9216)"
numpy_einsum,zabcdef-zgfab-zdegc,6-24-16-24-16,6-24-16-24-16,7.991951739788055,"(6, 6144, 24)","(6, 24, 6144)"
numpy_einsum,zabcdef-zgfac-zdegb,6-24-16-24-16,6-24-16-24-16,7.992416310310364,"(6, 6144, 24)","(6, 24, 6144)"
numpy_einsum,zabcdef-zgfbc-zdega,6-24-16-16-16,6-24-16-24-24,7.980711936950684,"(6, 4096, 24)","(6, 24, 9216)"
